Date,Description,Amount,Balance,Type
01/07/2025,NEFT-SALARY-TECHCORP INDIA PVT LTD,79799.00,153811.00,Credit
02/07/2025,1MG PHARMACY ORDER9935,194.00,153617.00,Debit
03/07/2025,UPI-SWIGGY-ORDER4582,269.00,153348.00,Debit
04/07/2025,UPI-EATCLUB-LUNCH9928,227.00,153121.00,Debit
05/07/2025,NEFT-RENT-MR RAMESH SHARMA,20102.00,133019.00,Debit
06/07/2025,TEA POST HSR LAYOUT,70.00,132949.00,Debit
07/07/2025,UPI-UBER INDIA-RIDE4527,292.00,132657.00,Debit
09/07/2025,HP PETROL PUMP SARJAPUR,1736.00,130921.00,Debit
10/07/2025,EMI/HDFC/PERSONAL-LOAN-8821,14018.00,116903.00,Debit
10/07/2025,TEA POST HSR LAYOUT,118.00,116785.00,Debit
12/07/2025,UPI-EATCLUB-LUNCH6925,267.00,116518.00,Debit
12/07/2025,UPI-ZEPTO-DELIVERY1750,458.00,116060.00,Debit
14/07/2025,DARSHINI RESTAURANT,105.00,115955.00,Debit
15/07/2025,AIRTEL POSTPAID BILL,641.00,115314.00,Debit
15/07/2025,UPI-UBER INDIA-RIDE6820,227.00,115087.00,Debit
16/07/2025,1MG PHARMACY ORDER2169,461.00,114626.00,Debit
17/07/2025,PVR CINEMAS FORUM MALL,517.00,114109.00,Debit
18/07/2025,IRCTC ETICKET BOOKING,1760.00,112349.00,Debit
19/07/2025,UPI-ZEPTO-DELIVERY1916,237.00,112112.00,Debit
20/07/2025,NETFLIX.COM SUBSCRIPTION,579.00,111533.00,Debit
20/07/2025,UPI-SWIGGY-ORDER6155,258.00,111275.00,Debit
21/07/2025,DECATHLON SPORTS BANG,1339.00,109936.00,Debit
24/07/2025,BOOKMYSHOW MOVIE TKT,549.00,109387.00,Debit
25/07/2025,ATM/CASH WDL/SBI/KORA508,5000.00,104387.00,Debit
25/07/2025,UPI-ZEPTO-DELIVERY2489,506.00,103881.00,Debit
28/07/2025,PRACTO CONSULT DR MEHTA,532.00,103349.00,Debit
29/07/2025,PVR CINEMAS FORUM MALL,891.00,102458.00,Debit
29/07/2025,UPI-SWIGGY-OFFICE-TEAM-LUNCH,6800.00,141477.00,Debit
30/07/2025,PVR CINEMAS FORUM MALL,361.00,102097.00,Debit
31/07/2025,STARBUCKS KORAMANGALA,416.00,101681.00,Debit
01/08/2025,NEFT-SALARY-TECHCORP INDIA PVT LTD,80067.00,181748.00,Credit
01/08/2025,UPI-ZOMATO-ORDER3591,644.00,181104.00,Debit
03/08/2025,APOLLO PHARMACY ONLINE,692.00,180412.00,Debit
04/08/2025,PVR CINEMAS FORUM MALL,655.00,179757.00,Debit
04/08/2025,PRACTO CONSULT DR MEHTA,601.00,179156.00,Debit
05/08/2025,NEFT-RENT-MR RAMESH SHARMA,20102.00,159054.00,Debit
06/08/2025,PVR CINEMAS FORUM MALL,893.00,158161.00,Debit
06/08/2025,UPI-EATCLUB-LUNCH9005,124.00,158037.00,Debit
08/08/2025,UPI-UBER INDIA-RIDE4946,410.00,157627.00,Debit
09/08/2025,TEA POST HSR LAYOUT,58.00,157569.00,Debit
09/08/2025,PVR CINEMAS FORUM MALL,481.00,157088.00,Debit
10/08/2025,EMI/HDFC/PERSONAL-LOAN-8821,14018.00,143070.00,Debit
10/08/2025,BOOKMYSHOW MOVIE TKT,520.00,142550.00,Debit
11/08/2025,DECATHLON SPORTS BANG,811.00,141739.00,Debit
11/08/2025,APOLLO PHARMACY ONLINE,1199.00,140540.00,Debit
12/08/2025,UPI-OLA CABS-RIDE9479,331.00,140209.00,Debit
15/08/2025,JIO PREPAID RECHARGE,309.00,139900.00,Debit
15/08/2025,UPI-ZEPTO-DELIVERY1117,156.00,139744.00,Debit
16/08/2025,UPI-SWIGGY-ORDER1514,590.00,139154.00,Debit
17/08/2025,BOOKMYSHOW MOVIE TKT,592.00,138562.00,Debit
18/08/2025,BOOKMYSHOW MOVIE TKT,728.00,137834.00,Debit
19/08/2025,BOOKMYSHOW MOVIE TKT,651.00,137183.00,Debit
19/08/2025,MYNTRA FASHION ORDER4119,643.00,136540.00,Debit
20/08/2025,NETFLIX.COM SUBSCRIPTION,609.00,135931.00,Debit
20/08/2025,FLIPKART ONLINE1887,1679.00,134252.00,Debit
21/08/2025,APOLLO PHARMACY ONLINE,592.00,133660.00,Debit
22/08/2025,UPI-ZOMATO-ORDER4116,729.00,132931.00,Debit
22/08/2025,AMAZON PRIME ANNUAL PLAN,1499.00,139978.00,Debit
23/08/2025,AMAZON.IN MARKETPLACE8579,1373.00,131558.00,Debit
23/08/2025,AMAZON PRIME ANNUAL PLAN,1499.00,138479.00,Debit
24/08/2025,MCDONALDS MG ROAD,531.00,131027.00,Debit
24/08/2025,UPI-SWIGGY-ORDER9856,578.00,130449.00,Debit
25/08/2025,ATM/CASH WDL/SBI/KORA871,2000.00,128449.00,Debit
25/08/2025,UPI-BLINKIT-QUICK8886,259.00,128190.00,Debit
25/08/2025,DECATHLON SPORTS BANG,737.00,127453.00,Debit
26/08/2025,AMAZON.IN MARKETPLACE8454,1518.00,125935.00,Debit
27/08/2025,1MG PHARMACY ORDER8973,229.00,125706.00,Debit
31/08/2025,TEA POST HSR LAYOUT,57.00,125649.00,Debit
01/09/2025,NEFT-SALARY-TECHCORP INDIA PVT LTD,79699.00,205348.00,Credit
01/09/2025,PVR CINEMAS FORUM MALL,893.00,204455.00,Debit
03/09/2025,DARSHINI RESTAURANT,97.00,204358.00,Debit
03/09/2025,BOOKMYSHOW MOVIE TKT,691.00,203667.00,Debit
05/09/2025,NEFT-RENT-MR RAMESH SHARMA,20102.00,183565.00,Debit
06/09/2025,UPI-ZEPTO-DELIVERY1651,437.00,183128.00,Debit
06/09/2025,MCDONALDS MG ROAD,548.00,182580.00,Debit
07/09/2025,INDIAN OIL MARATHAHALLI,809.00,181771.00,Debit
08/09/2025,UPI-UBER INDIA-RIDE7484,187.00,181584.00,Debit
09/09/2025,UPI-OLA CABS-RIDE2188,104.00,181480.00,Debit
10/09/2025,EMI/HDFC/PERSONAL-LOAN-8821,14018.00,167462.00,Debit
10/09/2025,PVR CINEMAS FORUM MALL,425.00,167037.00,Debit
11/09/2025,BOOKMYSHOW MOVIE TKT,727.00,166310.00,Debit
12/09/2025,DARSHINI RESTAURANT,174.00,166136.00,Debit
13/09/2025,MYNTRA FASHION ORDER5956,1702.00,164434.00,Debit
14/09/2025,PRACTO CONSULT DR MEHTA,841.00,163593.00,Debit
14/09/2025,BOOKMYSHOW MOVIE TKT,589.00,163004.00,Debit
15/09/2025,BILL/ELECTRICITY/BESCOM,1475.00,161529.00,Debit
15/09/2025,TEA POST HSR LAYOUT,69.00,161460.00,Debit
16/09/2025,BOOKMYSHOW MOVIE TKT,425.00,161035.00,Debit
18/09/2025,UPI-OLA CABS-RIDE5114,126.00,160909.00,Debit
20/09/2025,HOTSTAR VIP RENEWAL,369.00,160540.00,Debit
21/09/2025,UPI-ZEPTO-DELIVERY5291,202.00,160338.00,Debit
22/09/2025,PVR CINEMAS FORUM MALL,359.00,159979.00,Debit
24/09/2025,1MG PHARMACY ORDER9938,168.00,159811.00,Debit
24/09/2025,UPI-RAPIDO-BIKE3426,95.00,159716.00,Debit
25/09/2025,ATM/CASH WDL/SBI/KORA473,3000.00,156716.00,Debit
25/09/2025,DARSHINI RESTAURANT,133.00,156583.00,Debit
25/09/2025,APOLLO PHARMACY ONLINE,285.00,156298.00,Debit
26/09/2025,PVR CINEMAS FORUM MALL,766.00,155532.00,Debit
27/09/2025,APOLLO PHARMACY ONLINE,1132.00,154400.00,Debit
27/09/2025,D MART WHITEFIELD,2438.00,151962.00,Debit
28/09/2025,AMAZON.IN MARKETPLACE6442,2036.00,149926.00,Debit
28/09/2025,1MG PHARMACY ORDER5065,286.00,149640.00,Debit
30/09/2025,DECATHLON SPORTS BANG,1363.00,148277.00,Debit
